criteria,n,n_exclude,pct_exclude,pct_all,pct_step
c0_all,11492799,NA,NA,1,NA
c1_notmissing,11492249,550,4.785605316859713e-5,0.9999521439468314,0.9999521439468314
c2_no_outcomes_within_2_weeks_post_vax2_1,11484466,7783,6.772390678273678e-4,0.9992749372889929,0.9993227609321726
c3_no_outcomes_within_2_weeks_post_vax2_2,11484328,138,1.20162313162841e-5,0.9992629297701978,0.9999879837686837
c4_no_outcomes_within_2_weeks_post_vax2_3,11484327,1,8.707518628865355e-8,0.9992628427591921,0.9999999129248137
c5_min_follow_up_28_days,9292434,2191893,0.1908595079189229,0.8085440283085087,0.8091404920810771
