criteria,n,n_exclude,pct_exclude,pct_all,pct_step
c0_all,11480634,NA,NA,1,NA
c1_notmissing,11480106,528,4.599049146588943e-5,0.9999540095085341,0.9999540095085341
c2_no_outcomes_within_2_weeks_post_vax2_1,11472330,7776,6.773456621393566e-4,0.9992766949978547,0.9993226543378606
c3_no_outcomes_within_2_weeks_post_vax2_2,11472196,134,1.1680277676810204e-5,0.9992650231685811,0.9999883197223232
c4_no_outcomes_within_2_weeks_post_vax2_3,11472195,1,8.716726945739072e-8,0.9992649360653776,0.9999999128327306
c5_min_follow_up_28_days,5398022,6074173,0.5294691207741848,0.47018500894637005,0.4705308792258151
